stage	pos	class	motion	detail
space	0	mirrored lattice	0.06149	0.01301
space	1	octahedral lattice	0.07188	0.01253
space	2	icosahedral lattice	0.04114	0.00864
space	3	hexagonal lattice	0.07384	0.01682
space	4	rolled world	0.07431	0.01779
space	5	4D-rotated lattice	0.05656	0.01105
space	6	log-spherical Droste	0.02194	0.00626
space	7	twisted 3D Droste	0.02437	0.00634
space	8	log-cylindrical Droste	0.04386	0.01781
space	9	turning lattice	0.05788	0.01360
space	10	bent cells	0.06966	0.01187
space	11	torus-wrapped world	0.07925	0.01195
space	12	hyperbolic half-space	0.06552	0.01610
space	13	twisted lattice	0.07445	0.01369
space	14	gyroid-warped lattice	0.05969	0.01242
space	15	noise-warped lattice	0.05070	0.01158
space	16	helix	0.10098	0.01465
space	17	double helix	0.09436	0.01267
space	18	inverted lattice	0.07741	0.02899
space	19	polar ring tunnel	0.05898	0.01183
core	0	no fold core	0.06149	0.01301
core	1	plane folds	0.09426	0.01870
core	2	polyhedral kaleidoscope	0.04920	0.01142
core	3	sphere-inversion box fold	0.09193	0.01917
core	4	spherical KIFS	0.09016	0.04618
core	5	Apollonian sphere packing	0.08641	0.02539
core	6	Mandalay box	0.07729	0.02968
core	7	hyperbolic honeycomb	0.07973	0.04941
core	8	Kleinian fold	0.08818	0.06599
core	9	pseudo-Kleinian	0.07547	0.05298
core	10	amazing surface	0.10109	0.02653
core	11	Mandelbulb	0.06381	0.02255
core	12	kaliset	0.09588	0.03437
core	13	tetrahedral KIFS	0.06848	0.02824
core	14	mixed Sierpinski	0.09761	0.04022
core	15	Sierpinski octahedron	0.01432	0.01035
core	16	icosahedral KIFS	0.05770	0.03190
core	17	dodecahedral KIFS	0.07643	0.03917
core	18	octahedral KIFS	0.00304	0.00006
core	19	twisted octahedral KIFS	0.03693	0.01496
core	20	Menger sponge	0.08957	0.04855
core	21	cross-Menger	0.09384	0.04282
body	0	balls	0.06149	0.01301
body	1	pills	0.04226	0.00944
body	2	superquadrics	0.06287	0.01369
body	3	octahedra	0.05761	0.01268
body	4	rhombic dodecahedra	0.06747	0.01407
body	5	icosahedra	0.06359	0.01449
body	6	hollow spheres	0.06739	0.01435
body	7	tori	0.06946	0.01653
body	8	chain links	0.05410	0.01540
body	9	linked rings	0.05518	0.01752
body	10	gyroid membrane	0.09051	0.01591
body	11	Schwarz P surface	0.07371	0.01404
body	12	Schwarz D surface	0.06561	0.01401
body	13	Neovius surface	0.06331	0.01308
body	14	Lidinoid	0.07784	0.01452
body	15	blocks	0.05937	0.01471
body	16	twisted pillars	0.05040	0.01279
body	17	rod lattice	0.08531	0.02364
body	18	stellated octahedra	0.06957	0.01654
body	19	Steinmetz solids	0.06268	0.01306
body	20	crosses	0.06086	0.01795
body	21	gears	0.04471	0.01337
