name	ambient	space	club	noir	psychedelic	galerie	interest
AbacusBeadCount	3	0	3	4	1	3	3
AbandonedStarGate	5	8	2	7	1	3	4
AbrikosovFluxLatticeVortices	4	5	4	5	3	3	4
AbyssalLuminescence	7	6	4	6	5	6	6
AccretionDiskRelativistic	6	9	5	7	4	6	8
AccretionDiskToroidVortex	4	6	3	5	2	3	4
AcousticBlackHoleEventHorizon	6	6	3	4	4	5	5
AcousticLevitationMatrix	3	3	5	4	5	2	5
AizawaAttractorSphereVortex	5	6	5	5	6	5	6
AlcubierreWarpDriveHighway	3	4	8	3	8	3	7
AlfvenWavePlasmaFilamentation	2	1	7	1	7	3	5
AlienPlanetOrbit	5	7	1	4	1	3	5
AlienWorldSurface	7	8	2	5	2	6	6
AnamorphicMirrorLabyrinth	5	4	5	3	8	5	6
AnechoicChamberWedges	4	2	5	5	3	4	5
AnglerfishAbyss	5	3	2	7	1	5	5
AnomalousFloquetTopologicalInsulator	5	5	4	5	5	4	5
AntimatterWeapon	3	7	5	6	2	3	5
Aperture	4	3	4	6	3	5	5
ApollonianGasketNebulaFlight	5	5	4	6	5	4	5
ApollonianSpherePackingDive	3	5	6	6	9	3	8
ApollonianSpherePackingGasket	4	4	6	3	9	5	8
Assembly	4	3	3	6	2	5	5
AsteroidBelt	5	8	3	5	1	4	5
AsteroidMiningBase	3	8	1	6	1	3	5
AsteroidRubblePileTumble	5	8	2	6	1	4	5
AtmosphericEntry	5	9	5	5	1	5	8
AtmosphericGravityWaveUndularBore	6	5	3	3	3	5	4
AttentionHeadRibbons	4	2	4	4	5	4	7
Aurora	7	7	4	6	3	5	6
AuroraAustralisCurtainSwell	8	7	3	5	3	6	6
AuroraBorealisCurtainFlight	5	6	3	5	4	4	4
AuroraBorealisOverFjord	9	8	3	5	3	8	8
AuroraVeil	7	7	2	5	2	6	5
BacteriophageIcosahedralCapsidInjection	3	2	4	4	3	3	3
BaitBallVortex	5	2	2	4	2	4	4
BallisticGrapheneElectronFocussing	4	2	6	2	5	4	5
BallLightningPlasmoid	2	3	8	2	7	2	7
BambooGroveWind	6	1	1	5	2	5	4
BaryonAcousticRipples	7	7	2	5	4	5	5
BasilicaCisternColumns	7	3	3	9	2	7	8
BatikWaxCracks	4	1	1	3	2	5	3
BauhausGeo	4	0	4	1	3	7	5
BeatLattice	1	0	9	3	7	1	6
BeeWaggleDance	4	0	2	3	2	4	3
BelousovZhabotinskyChemicalWave	5	1	6	1	7	5	6
BeyondTheEdge	5	7	3	5	5	4	5
BillboardCity	2	1	8	4	5	3	7
BinaryStarSystem	5	8	3	5	2	4	5
BinauralTunnel	4	3	5	5	5	4	4
BioCell	4	4	5	5	3	3	4
BioCellularInfiniteZoom	4	3	4	4	6	4	4
BioluminescentAbyssalTrenches	5	5	6	5	6	4	6
BioluminescentBreakingWave	7	5	1	6	1	5	3
BioluminescentCombJellyCydippid	7	8	5	5	8	6	9
BioluminescentDeepSeaCombJelly	7	7	3	5	6	6	6
BioluminescentDeepSeaTrenchDive	6	5	5	4	6	5	6
BioluminescentForestCanopy	4	3	6	3	6	4	6
BioluminescentMyceliumCave	6	4	5	5	5	5	6
BioluminescentNebula	5	6	1	3	2	3	3
BioluminescentOceanSwell	7	3	3	5	2	5	5
BioluminescentSiphonophoreChain	6	6	3	6	4	4	5
BioluminescentSwarm	5	5	5	6	3	3	5
BioLuminescentTendrilTunnel	4	3	6	3	8	4	6
BioNeuralDendriteZoom	3	2	8	3	8	3	7
BismuthFerriteMultiferroicDomains	3	3	5	5	3	3	4
BismuthHyperLabyrinth	3	2	5	4	6	4	5
BismuthLabyrinth	3	3	8	2	9	3	8
BlackHole	6	8	2	6	2	4	5
BlacksmithSparks	3	1	4	5	2	3	4
BloomSculpt	6	2	2	3	2	7	5
Blueprint	5	3	2	5	2	5	4
BobbinLacePillow	6	0	0	3	2	7	6
BookPagesTunnel	4	1	3	4	3	4	3
BorromeanRingsOrbit	6	3	2	4	3	6	5
BoseEinsteinGiantVortexTurbulence	5	2	6	1	6	5	6
BoseEinsteinVortexTangle	6	7	4	6	5	3	5
BoySurfaceCrossCapImmersion	5	6	3	5	3	4	5
BreathingFractal	5	3	5	2	9	5	7
BreathingFractalNoir	5	5	5	6	9	5	7
BreathingFractalZoom	6	3	3	2	8	5	5
Bubble	6	2	4	2	5	6	6
BubbleChamberTracks	6	4	3	6	4	5	5
BuddhabrotCosmicGhost	5	6	4	4	6	5	6
BuffaloFractalThunderstorm	4	2	4	4	6	4	4
BuildUpAvalanche	6	1	2	3	0	6	5
BuildUpPressureChamber	1	2	7	7	3	1	5
BurningShipDeepVoyage	3	3	5	4	8	4	6
CalabiYauManifold	5	4	5	5	5	4	5
CalabiYauManifoldKaleido	5	2	4	2	8	5	5
CalabiYauSixDimensionalManifoldCrossSection	7	6	3	5	6	7	8
CalligraphyBrushStrokes	5	0	1	3	1	6	4
CameraObscuraRoom	5	1	2	5	3	6	4
CapillaryFlight	4	3	4	4	4	3	4
CapitalShipCruise	4	8	4	3	1	4	6
CarbonNanotubeChiralityArmchairZigzag	5	4	3	5	3	4	4
CasimirCavityVacuumFluctuations	4	1	5	1	5	4	4
CatatumboRelightningTower	2	2	8	5	5	2	6
CathedralGlass	6	3	4	3	5	7	7
CausticPool	8	2	3	2	4	7	6
CavitationCloudPropeller	3	2	3	5	2	3	4
CavityOptomechanicsPhononLasing	4	3	6	4	6	3	5
CelticMandelbrotGothicVault	4	3	5	4	7	4	5
CenoteLightShaft	8	4	1	7	1	7	6
CentroidSunArc	5	2	1	4	1	4	3
CephalopodChromatophores	4	1	3	3	5	4	4
ChainmailRingRipple	3	1	5	5	4	4	5
CherenkovCascadeShower	4	5	5	5	4	3	5
CherenkovRadiationWakefield	3	4	7	3	6	3	6
CherryBlossomFront	8	0	0	1	2	7	6
ChiralLiquidCrystalCholesteric	5	4	2	5	3	4	3
ChiralNematicBeetleCuticle	3	1	6	1	6	5	6
ChiralNematicLiquidCrystal	5	1	6	1	8	5	7
Chladni3DAcousticLevitation	4	5	5	4	5	3	5
ChladniAcousticPlate	5	5	5	4	3	4	5
ChordRailwaySwitches	3	0	2	3	1	3	3
ChromaAcidTrip	3	1	8	1	10	3	8
ChromaKaleidoscope	4	2	6	4	7	5	6
ChromeDreams	2	1	9	2	10	4	9
ChromeFlow	8	3	2	5	2	7	6
ChromeForm	6	3	3	5	2	7	6
ChronoSynapticMandala	5	3	4	1	8	6	7
CityBokeh	7	2	6	4	3	7	7
CliffordAttractorSilkRibbons	5	2	5	3	7	5	5
CliffordTorusKleinBottle	5	4	5	4	7	6	7
CliffordTorusStereographicKaleido	6	3	3	4	7	6	5
CliffordTorusVillarceauLinks	3	5	7	5	7	3	6
CloisonneEnamelCells	4	1	2	3	3	5	4
ClothDrape	6	0	3	2	3	6	5
CloudSeaSummit	9	4	1	3	2	8	7
CollatzFractalTreeAbyss	5	3	4	4	6	5	5
CometRide	6	9	3	5	2	5	6
ConcertCrowd	2	1	7	6	2	2	5
Condensation	6	7	2	5	2	5	5
ConformalLogPolarDive	3	2	7	3	9	3	7
CoralGrowth	6	3	3	4	2	6	5
CoralReefFluorescence	5	2	6	2	5	5	6
CoronagraphSpeckleField	6	8	2	7	4	4	5
CosmicBoidsVortex	4	6	6	4	4	3	5
CosmicInflationaryTensorModes	5	4	2	2	3	4	4
CosmicMicrowaveBackgroundSky	6	6	1	3	3	4	3
CosmicRayAirShowerCherenkov	3	6	8	4	6	3	7
CosmicRayCherenkovAirShowerCascade	5	6	3	6	3	4	4
CosmicRayTransitionRadiation	3	3	6	5	4	3	4
CosmicStringCuspKinkGravitationalRadiation	3	4	7	5	6	2	5
CosmicStringHyperspaceWeb	3	4	8	3	6	3	7
CosmicWebFilamentAnisotropy	4	6	5	5	3	3	5
Creature	7	5	2	6	2	7	7
CrepuscularRaysForest	8	3	3	5	2	7	7
CrossSection	4	5	3	5	2	4	3
CryogenicBrinicleStalactite	5	4	3	5	3	4	4
CryosleepChamber	4	7	3	6	1	3	4
CryovolcanicIceGeysers	5	3	6	3	5	5	6
CrystalAsteroidField	5	7	4	3	3	5	6
CrystalCave	3	4	9	3	8	3	8
CrystalGeodeCavernFlight	4	3	4	3	5	4	4
CrystalGrowth	6	4	2	6	2	6	5
CrystallineCavernTessellation	4	2	5	3	5	4	5
CrystalMirrorGrid	3	1	6	3	7	3	5
CrystalMonoliths	4	4	4	4	3	4	5
CrystalShatterBurst	3	3	6	4	4	3	5
CubeWave	2	3	8	6	4	2	7
CurlAurora	8	8	3	4	4	6	6
CyberGridCity	1	1	9	5	5	1	8
CyberHologramGlitchVoxel	2	1	9	2	8	2	7
CyberpunkSynthGridHighwayFly	2	2	9	4	6	2	8
CyberpunkWireframeTerrainFlyover	2	3	8	4	5	2	7
CyberRibbonHighway	2	3	8	5	5	2	7
CyberspaceDNAHelix	4	4	5	5	3	4	5
CyberVoxelTerraform	2	3	7	5	5	2	6
CyborgHiveShip	3	5	5	6	2	2	4
CymaticsPlate	6	5	3	6	3	5	5
DandelionClock	5	0	1	3	1	5	3
DarkAmbientTunnel	7	4	3	2	5	5	5
DarkMatterWeb	6	8	3	6	4	5	6
DarkNebulaBokGlobules	5	5	2	5	3	4	4
DeepSeaHydrothermalChimneyPillar	5	4	3	5	2	4	5
DeepSeaVentsEcosystem	5	5	3	5	3	3	4
DeepSpaceArmada	4	7	5	3	1	3	5
DendriticSnowCrystal	6	5	2	6	3	5	5
DendriticSnowflakeIceCrystalHabit	6	4	2	3	4	6	5
DepthPortalRecursion	5	4	5	5	8	5	7
DerelictMothership	4	8	1	7	1	4	6
Detonation	3	3	6	5	2	3	5
DiamondFireMacro	4	2	6	4	7	6	6
DiatomSilicaMicrofrustule	5	3	5	3	5	5	6
DichroicInfinityPrismVault	4	4	5	5	7	4	5
DichroicPrismLaserField	6	3	3	4	5	5	4
DielectricMetasurfaceHologram	3	2	5	4	6	5	7
DielectricResonatorMetagrating	3	2	5	4	3	3	4
DiffusionDenoiseReveal	4	1	2	3	3	4	3
DiracConeGrapheneValleytronics	4	2	6	2	6	4	6
DiscoFloorTiles	2	1	9	3	6	2	7
DiscoGodrays	2	2	10	3	8	2	9
Dissolve	5	4	3	6	3	4	4
DNAOrigamiNanotubeLattice	4	4	5	5	4	4	5
DoubleSlitElectronBuildup	4	2	3	5	5	6	7
DragonFlight	4	2	6	7	3	4	6
DroneDepths	7	3	3	4	4	5	5
DropCountdownVortex	3	3	6	4	5	3	4
DrumSkin	4	3	5	4	3	5	5
DysonSphereCollapse	3	7	6	5	3	3	6
DysonSphereCore	4	6	5	5	3	3	5
DysonSwarmConstruction	5	8	3	5	2	4	6
DysonSwarmSolarHarvester	4	7	6	4	4	4	6
E8LieAlgebraRootLattice	3	4	5	3	4	4	5
EchoSpiral	6	5	3	5	4	5	5
EclipseLeafCrescents	6	3	2	5	2	6	5
EinsteinHatTiling	4	1	2	3	4	5	4
EinsteinRingGravitationalLens	4	6	6	4	7	4	7
EmbroideryHoopStitches	3	0	1	2	1	4	3
EndOfTheUniverse	6	9	1	7	2	4	8
EnneperMinimalSurfaceHyperfold	6	5	3	4	4	7	6
ErodedLand	7	2	1	3	1	6	8
EscalatorHallCrossing	4	0	3	5	2	4	3
EscherRelativityMatrix	5	0	1	2	3	8	6
EuropaChaosTerrain	5	6	2	5	2	4	5
EventHorizon	4	8	5	7	5	4	8
EventHorizonSingularityPlunge	4	6	6	4	7	4	7
ExoplanetOcean	6	7	1	5	1	4	4
ExoplanetRings	5	7	1	6	1	3	4
ExoticStation	4	8	3	5	2	4	5
ExplodedViewDiagram	4	2	1	4	1	5	3
FadeOutDissolution	6	3	2	5	3	6	6
FastRadioBurstDispersion	5	6	3	5	3	4	5
FataMorganaMirage	5	2	2	5	4	5	4
FeatherStorm	5	1	6	2	3	5	6
FeedbackKaleidoscope	5	5	5	6	8	5	6
FerrisWheelNight	6	2	3	6	2	6	5
FerroelectricDomainVortexArray	3	1	6	1	6	4	5
FerrofluidHexMatrix	2	2	8	6	6	3	7
FerrofluidMagneticSpikeSurge	3	1	6	3	6	4	5
FerrofluidSpikeForest	3	2	7	4	5	3	6
FerrohydrodynamicRosensweigSpikes	4	4	5	6	4	4	5
FerroSpikes	4	1	4	4	3	4	4
FiberopticLightLoom	5	3	6	3	5	5	7
FireflyField	6	4	3	5	2	4	4
FireWhirlTornado	3	2	5	4	3	3	4
Fireworks	4	3	6	4	4	4	5
Fleet	3	8	5	6	1	4	6
FleetJump	3	7	3	6	0	3	3
FlowingWires	5	5	5	5	5	5	6
FlowRibbons	5	2	6	2	5	5	6
Fluid	8	2	4	1	5	7	6
FluidChladniKaleidoResonance	5	3	5	4	8	6	7
FluidChromaMarangoniConvection	5	2	6	3	8	5	7
FluidInkMandala	7	3	2	3	5	6	4
FluidInkMarble	5	1	7	1	7	5	7
FluidPhotoMarblingEbru	7	1	3	3	6	7	6
ForaminiferaSpiralShells	4	3	1	4	2	4	3
FormantVowelSpace	3	1	2	3	2	3	3
FortressStation	4	8	4	6	1	4	6
FourierEpicycleDraw	6	4	2	5	3	5	4
FractalBloom	3	2	8	2	9	4	8
FractalFlame	6	5	5	5	7	6	7
FractalKIFS	5	4	6	5	8	6	7
FractalMorphoDendrite	4	2	4	3	5	5	4
FractalPortalRecursionHall	3	3	8	4	8	3	7
FrescoRestorationReveal	5	0	0	3	1	8	6
FrozenMethaneLakes	6	8	3	5	4	5	6
FullereneC60BuckyballCrystalLattice	4	4	3	5	2	3	3
FuturisticCityFlight	2	1	7	7	2	3	6
GalacticAccretionStreamFlight	4	8	5	6	5	4	7
GalacticCoreBlackHole	5	8	4	6	3	4	6
GalaxyCollision	7	9	2	6	3	5	6
GalaxyMergerNBody	5	7	1	5	1	3	3
GalleryHall	4	2	2	7	1	7	5
GaltonBoardBeads	3	1	2	4	1	3	3
GammaRayBurst	2	6	6	5	2	2	4
GasGiantAtmosphere	7	8	1	3	1	5	8
GasGiantCloudCity	5	6	1	4	1	3	3
GearWorks	3	1	6	5	3	4	5
GeomagneticDynamoCore	3	4	6	4	5	3	5
GeothermalFumaroleMineralSpires	4	2	3	4	2	4	4
GlacierCalvingFront	5	1	1	4	1	5	3
GlacierCrevasseDescent	7	4	1	5	2	5	4
GlacierTessellation	5	3	2	3	3	4	4
GlassblowerGather	5	1	2	4	2	5	4
GlasshouseIronRibs	6	1	2	5	2	6	5
GlassNaveFlight	5	1	3	5	2	5	4
GlassStack	7	1	2	3	4	8	7
GlassVesselsOIT	4	1	2	4	2	4	3
GlitchMatrixHypercube	2	2	8	4	7	2	7
GlowwormCaveThreads	7	5	3	6	3	6	6
GranularCloudSynth	4	2	3	4	4	4	4
GrapheneDiracPlasmonics	2	1	7	1	6	3	5
GrapheneGyroidTriplyPeriodicMinimalSurface	5	3	3	4	3	5	5
GrassField	8	0	2	2	1	7	6
GravitationalWaveInterferometer	3	3	7	3	7	4	6
GravityLensingZoom	5	6	3	4	5	4	4
GrowthTree	6	2	2	4	2	6	5
GuillocheEngraving	4	1	1	3	2	4	3
GyroidalInterferenceKaleido	5	2	4	2	8	6	6
GyroidTriplyPeriodicLabyrinth	5	3	4	4	5	5	5
GyroRings	6	5	3	6	3	5	5
HaboobDustWall	3	1	2	4	1	3	3
HairCurtain	6	1	2	5	2	6	5
Halftone	5	1	2	3	3	6	4
HarmonicChangeLightning	6	3	2	7	1	5	4
HarmonicRings	6	4	5	5	4	5	5
HarmonicSeriesStrings	5	2	2	4	2	5	4
HarmonicStrings	6	4	4	5	3	5	4
Harmonograph	6	4	3	4	4	6	5
HawkingRadiationEvaporation	4	5	7	3	8	4	7
HelicoidMinimalSurfaceTunnel	5	4	4	4	4	5	5
HeliosphericCurrentSheet	4	5	8	3	9	4	8
HelixTower	5	6	5	4	4	4	6
HexagonalLaserMatrixTunnel	4	3	5	3	6	4	4
HexKaleido	4	2	8	3	9	5	8
HigherDimensionAscension	4	3	3	2	5	4	3
HilbertSpaceFillingCurveZoom	3	1	6	3	6	5	7
HoliColourCloud	5	1	6	1	8	6	6
Hologram	4	6	4	6	2	4	4
HolographicDiffractionGratingMandala	3	1	8	1	9	4	7
HolographicLaserDiffractionGrid	5	5	4	5	4	4	4
HolographicMemoryCore	3	2	7	3	6	4	6
HopfFibrationStreamlines	4	4	6	5	8	4	7
HopfFibrationToruses	5	6	6	6	6	5	6
HopfTorusCliffordKlein	4	3	6	5	5	4	6
HotAirBalloonDawn	5	0	1	3	1	5	3
HourglassSandFall	3	0	1	4	1	4	3
HubStation	4	8	2	6	1	4	4
HurricaneEyeWall	4	2	3	4	2	4	3
HyperbolicEscherCircleLimit	5	3	4	3	7	6	5
HyperbolicEscherFish	6	3	3	5	7	7	6
HyperbolicHelicoidCatenaMinimalSheet	6	5	3	4	4	7	6
HyperbolicHoneycombTessellation	4	2	5	3	6	4	5
HyperbolicKaleidoscope	5	2	5	3	8	6	6
HyperbolicKnotFlight	3	3	5	4	5	3	4
HyperbolicMetamaterialSpacetime	7	4	2	2	5	6	4
HyperbolicPenroseZoomAbyss	4	2	4	2	7	5	5
HyperbolicPoincareTunnel	4	4	6	3	9	4	8
HyperbolicPseudosphereTractroid	5	3	4	5	4	5	5
HyperbolicTilingPolyhedralFlight	3	4	6	5	7	3	5
HyperCube	3	3	8	3	8	4	7
HypercubeLatticePillars	2	1	8	1	8	2	7
HyperDimensionalTesseractTunnel	4	3	5	3	6	4	4
HyperlaneJunction	5	7	3	5	2	3	3
HyperspaceGridToroidTube	3	4	7	3	6	3	6
HyperspaceKaleidoscopicMatrix	3	5	8	5	8	3	7
HyperToroidalRollerCoaster	3	4	6	4	6	3	5
HyperWarpTunnel	2	5	8	6	8	2	8
IcebergWaterline	7	1	0	3	1	7	7
IceCrack	5	1	3	3	3	6	5
IlluminatedManuscript	4	0	1	3	1	5	3
IndustrialStation	3	7	2	6	1	3	3
InfinitePhotoZoomAbyss	5	3	6	3	8	5	7
InfinitePsychedelicDrosteVortex	4	3	7	3	9	4	7
InfinityMirrorRoom	6	3	3	4	5	6	5
InkTank	7	1	1	3	3	7	7
InkWater	8	3	2	5	3	7	6
InsideSystem	3	4	9	3	9	3	9
InterstellarGenerationShip	4	7	3	6	1	3	4
InterstellarMediumDust	6	8	1	7	1	3	3
InterstellarMHDShockFront	6	7	3	4	4	4	5
InterstellarNebulaWarpCruise	5	5	4	4	5	4	4
IoVolcanicPlumes	4	6	2	5	1	3	3
IridescentChitinMorpho	4	1	7	1	9	5	7
JellyBody	5	4	2	4	3	5	4
Jellyfish	7	6	3	6	3	6	6
JellyfishBioluminescenceAbyss	6	6	4	6	4	5	7
JosephsonVortexFluxonLattice	2	1	6	1	5	2	4
JosephsonVortexLattice	3	1	7	2	8	4	6
JukeboxBubbleTubes	3	0	3	3	2	4	3
JuliaAudioMorph	6	4	3	4	6	6	6
JupiterJunoSwirls	7	8	4	3	7	8	8
KaleidocycleFold	4	1	2	3	3	5	4
KaleidoDome	6	4	4	3	7	5	6
Kaleidoscope	5	2	5	3	9	6	9
KaleidoscopeOrganism	5	4	3	5	4	5	5
KaleidoscopicBismuthLattice	3	2	8	3	9	4	8
KaleidoscopicLichtenbergZoom	4	3	6	5	7	4	5
KardashevTypeIIICity	5	9	3	4	4	6	8
KarmanVortexStreet	4	2	4	4	5	4	4
KelpForest	7	4	3	5	3	6	6
KelvinHelmholtzCloudWaves	6	2	2	3	2	6	5
KelvinWakeShipWavePattern	5	2	4	3	3	5	5
KerrNewmanSingularity	5	8	4	6	3	5	6
KeyChangeSeasons	5	1	1	5	1	5	4
KilnGlazeCrystals	5	1	1	2	2	6	4
KilonovaRadioactiveAfterglow	6	6	3	4	5	5	5
KineticMirrorHexagonArray	5	5	6	5	6	5	7
KineticTesseractOrigami	4	1	5	1	5	5	5
KineticTileMosaicMatrix	3	1	7	2	5	4	6
KintsugiGoldSeams	5	1	1	6	1	6	3
KirlianAura	4	1	3	3	4	4	3
KiteFestival	4	0	2	1	2	4	3
KleinBottleFlythrough	5	3	3	4	4	4	4
KleinBottleHyperLoopDive	4	3	5	4	6	4	5
KleinianLimitSetAbyss	5	3	3	3	6	5	4
KleinQuarticHyperbolicCurve	5	3	6	3	8	6	7
KlimtGoldMosaic	5	0	3	2	5	9	8
KluverFormConstants	4	2	5	4	8	4	6
KnittingRowsGrow	3	0	1	2	1	3	3
KoiPondAbove	8	0	1	2	2	8	6
KumikoLatticeShoji	5	0	1	3	1	5	3
LanternRise	8	1	1	3	2	7	8
LargeHadronCollision	4	6	6	5	4	3	5
LaserArena	1	2	10	5	6	1	8
LaserCavityTransverseModes	5	2	4	3	6	5	5
LaserHarpBeams	3	1	6	6	2	3	5
LaserSpireArray	3	3	8	3	6	3	7
LavaLamp	7	1	3	2	6	6	6
LavaWorldTidalLock	5	6	3	4	3	4	5
LeafVenationGrowth	4	1	1	3	1	4	3
LeidenfrostDroplets	4	1	2	3	2	4	3
LenticularFlip	3	0	3	2	4	6	5
LidarSweepPointCloud	4	2	4	6	3	5	5
LiebLatticeFlatBandLocalization	3	1	5	3	6	4	5
LiesegangPrecipitationRingArray	5	2	5	2	7	5	6
LighthouseFresnelLens	5	3	3	4	5	5	4
LightningStorm	2	1	7	7	4	2	6
LightPaintingTrails	7	5	5	6	5	6	7
LiquidChromeHyperSwirl	5	2	5	4	6	5	5
LiquidCrystalBluePhaseLattice	3	1	7	2	6	3	6
LiquidCrystalOptics	3	2	8	3	8	4	7
LiquidMarbleEbruAcidWash	5	1	5	3	7	6	6
LiquidMercuryFerrofluidChamber	6	2	4	4	4	6	6
LiquidMetal	4	3	2	5	2	3	3
LissajousOrbits	6	7	3	6	3	4	4
LogarithmicSpiralChamberZoom	5	3	5	3	8	5	6
LorenzAttractorHyperLoom	3	1	6	1	7	3	5
LorenzAttractorTurbulence	3	3	8	4	7	3	7
LuciferinBioluminescentWavefront	4	2	5	3	5	4	5
LuttingerLiquidSpinChargeSeparation	5	5	6	5	6	5	7
LyapunovSpaceBioLoom	5	2	4	3	6	6	5
MagnetarCrustalQuakeAlfvenResonance	3	6	7	5	5	3	6
MagnetarCrustquakeSGR	4	5	7	3	7	4	7
MagnetohydrodynamicSolarGranulation	4	3	3	3	4	4	4
MagnetoRotationalHypernovaInstability	3	6	6	5	4	3	5
Magnetosphere	6	8	3	6	3	5	6
MagnetosphericBowShockTurbulence	3	3	7	2	6	4	5
MagnetotacticBacteriaChains	4	3	5	4	4	3	4
MajoranaNanowireBraiding	5	4	5	4	6	5	6
MajoranaZeroModeBraid	4	1	5	2	5	4	5
MandalaGrid	5	2	6	2	8	5	6
MandelboxHyperCubeMetamaterial	3	3	5	6	6	3	5
MandelbrotDeepZoom	6	4	4	3	9	6	8
MandelbulbHyperRealm	5	5	4	3	8	5	7
MandelbulbInfiniteDive	4	3	5	4	6	5	5
MangroveRootsTide	5	1	1	5	1	4	3
MantleConvectionPlume	6	4	3	5	4	4	5
MarangoniConvectionTearsOfWine	4	2	7	3	6	4	6
MarbleRunTrack	3	0	2	3	2	3	3
MatrioshkaBrain	4	8	4	5	4	5	8
MatryoshkaPhotoDoll	4	2	3	4	4	4	3
MelodyConstellation	6	6	2	6	2	4	5
MelodyKaleidoscope	5	4	4	6	5	4	4
MelodyRidgeline	5	1	1	5	1	4	3
MelodyScript	7	0	0	4	2	7	5
MeshAqueduct	6	0	1	3	1	7	6
MeshBellTower	6	1	2	7	1	6	6
MeshCandleChapel	6	1	1	7	1	6	5
MeshCoolingTowers	5	0	2	6	1	6	5
MeshDominoWave	3	0	2	5	1	3	3
MeshFoundryPour	4	0	3	7	1	5	5
MeshGearTrain	3	0	4	6	2	5	5
MeshHeliostatField	5	0	1	3	1	6	5
MeshKaleidoscope	5	5	3	6	5	5	6
MeshMetronomes	4	0	3	6	1	4	3
MeshPeacockDisplay	7	0	2	3	3	9	8
MeshPendulumWave	5	1	3	6	1	5	4
MeshPipeOrgan	6	1	2	7	1	7	6
MeshRocketLaunch	5	5	4	6	1	5	6
MeshSandSculpture	5	1	1	3	1	6	4
MeshSeismograph	4	0	1	5	1	4	3
MeshServerAisle	2	1	6	7	1	3	5
MeshTermiteMound	5	0	2	5	1	6	5
MeshTerrain	6	4	2	6	1	6	6
MeshTuningForks	5	1	2	7	2	5	4
MeshWindChime	6	0	1	3	1	6	4
MeshZoetrope	4	0	2	6	2	5	4
MetamaterialCloakingHorizon	4	3	7	2	8	4	6
MetamaterialNegativeRefraction	4	2	6	3	6	5	6
Metamorph	3	1	8	2	8	3	7
MetamorphicLavaVortex	4	4	3	5	3	3	4
MetaSculpt	5	4	2	5	3	5	5
MeteorStorm	4	6	7	5	4	3	6
MicrolensingCausticSweep	6	7	2	5	3	4	4
MirrorBallRoom	3	4	9	6	6	3	8
MirrorShardKaleidoscope	4	5	5	6	7	5	6
MirrorShatterExplosion	2	2	7	4	4	2	5
MobiusInversionKaleidoscope	5	4	4	5	7	5	5
MobiusOrbs	6	4	4	3	7	6	7
MobiusStripRollerDrive	3	3	6	5	6	3	5
ModalVibration	4	2	3	7	2	5	5
ModularSynthPatchbay	3	1	5	5	3	4	5
MoebiusTunnel	5	5	4	5	6	5	5
MoireHyperInterference	3	2	7	3	6	3	6
MoireTwistedBilayerGraphene	5	1	5	1	6	5	5
MolecularCloudCore	7	9	1	5	3	6	8
MonarchRoostTree	5	0	1	3	2	5	4
MonolithField	4	5	6	7	3	4	6
MoodWeatherValley	6	1	1	5	1	5	4
MosaicWave	4	1	7	2	5	4	6
MultiverseBubbles	6	6	2	4	3	5	5
MuonTomographyPyramid	4	4	2	7	2	4	4
MuqarnasDome	6	2	5	3	8	9	8
Murmuration	5	1	1	3	1	4	3
MusicalFountainShow	5	2	8	4	5	6	8
MusicBoxCylinder	4	0	2	3	1	4	3
MyceliumNeuralPulse	5	5	2	6	3	3	3
NebulaCliffs	7	9	1	5	3	6	7
NebulaCloud	5	6	2	5	2	3	3
NebulaShipyard	3	7	5	4	2	3	5
NeonCyberVoxelFlight	1	2	9	3	6	1	7
NeonFluidDynamics	4	1	7	1	8	5	6
NeonHighwayDrive	2	3	7	5	4	2	5
NeonSignAlley	3	2	9	8	6	4	9
NeonTubes	3	2	9	3	10	3	9
NestedMandalaInfiniteDive	5	4	5	4	8	4	6
NeuralAxonSynapseCloud	4	4	3	5	2	3	3
NeuralConnectomeGlow	5	5	3	6	4	4	5
NeuroSynapseNetwork	4	5	4	5	3	3	4
NeutronStarCollision	5	7	3	6	2	4	4
NeutronStarMagnetarBurst	2	4	8	2	7	2	7
NeutronStarMagneticFunnelPlunge	4	6	5	4	6	4	5
NeutronStarSurfaceSprint	3	5	7	4	3	3	6
NewtonBasinPsychedelicSea	5	3	5	4	8	6	7
NoctilucentClouds	7	5	1	5	2	6	5
NoiseSpiral	3	2	8	3	10	3	9
NonEuclideanDodecahedronLoom	5	4	4	4	5	4	5
NonEuclideanHyperbolicMandala	5	4	5	3	9	6	8
NonEuclideanKleinQuarticTile	5	3	4	4	4	6	6
NonEuclideanOctahedralLabyrinth	3	3	6	4	7	3	5
NonlinearKerrOpticalSolitonCollision	5	3	5	2	5	5	5
NonlinearLaserPlasmaWakefieldAccelerator	4	4	5	5	4	4	5
NonlinearSchrodingerRogueWave	3	2	6	3	5	3	5
Ocean	8	3	2	5	1	7	6
OceanAbyssalBrinePool	6	4	3	4	4	5	6
OceanNight	7	3	2	6	1	6	6
OctagrammicMirrorVault	4	2	5	2	7	5	5
OilProjector	7	1	4	2	9	6	9
OortCloudDrift	7	9	2	6	3	4	6
OpalStructuralColour	5	2	1	3	2	5	3
OpticalDispersionCausticVault	3	1	4	3	5	3	4
OpticalLatticeAtoms	4	4	5	4	4	3	4
OrbitalDebrisField	4	7	3	6	2	3	5
OrbitalDrop	5	7	4	5	3	4	5
OrbitalRingStation	6	9	3	4	1	6	7
OrbitalShells	6	7	4	5	5	5	6
OrbitalSunrise	8	9	1	5	1	6	6
OrganicFlow	6	2	5	3	7	6	6
Origami	6	1	3	2	3	6	5
OrigamiMirrorKaleidoscope	4	1	6	2	7	5	5
OrreryBrass	5	4	2	5	2	5	5
OscilloRings	4	3	8	3	7	4	7
PapercutShadowBox	6	1	1	5	2	6	5
ParticleFlow	6	3	4	4	6	6	6
ParticleGalaxy	7	9	3	5	3	6	7
ParticleTunnelFlight	3	6	8	5	6	3	7
PenguinHuddleRotation	7	1	0	2	1	7	7
PenroseAperiodicTessellation	5	1	3	3	5	6	5
PenroseProcessErgosphereExtraction	6	8	4	5	4	5	7
PermafrostPolygons	5	3	1	4	1	4	3
PersistenceOfVisionFan	5	3	4	5	5	5	5
PersistentHomologyBubbles	4	3	3	5	3	4	4
PhotoCarousel	3	1	7	2	5	4	6
PhotoelasticStressFringes	5	2	3	4	6	6	6
PhotonicChiralMetamaterialGyroidHelix	4	4	6	4	6	4	6
PhotonicCrystalDiracConeDispersion	2	1	7	2	6	3	5
PhotonicCrystalFiberCore	4	4	4	5	3	4	4
PhotonicMetasurfacePhaseGradient	3	2	8	2	6	3	6
PhotonicTopologicalEdgeStates	4	4	4	5	3	4	4
PhotoShatter	3	3	7	5	4	4	6
PhotoSphere	6	7	2	2	3	6	5
PhotoTunnel	4	3	7	3	7	4	6
PhotoVortex	4	2	7	2	7	4	6
PhraseClockRosette	3	2	6	4	4	4	5
PhraseSkyscraper	4	1	2	6	1	3	3
PhraseTideBeach	4	1	2	4	3	4	3
Phyllotaxis	6	5	3	5	4	5	5
PhyllotaxisZoom	6	5	4	5	6	5	6
Physarum	3	1	5	1	5	3	4
PhysarumGalaxy	6	7	1	5	3	4	4
PhytoplanktonEddies	7	4	2	5	5	6	6
PianoRollWaterfall	3	0	3	4	1	3	3
PillarHall	6	2	3	6	2	6	5
PillarsOfCreationFlight	5	8	1	6	1	3	3
PivotIrrigationCircles	4	2	2	4	3	4	3
PixelMelt	4	1	6	2	5	4	5
Planet4D	6	7	4	5	6	5	6
PlanetaryCollision	2	5	4	5	1	2	3
PlanetaryNebulaShells	7	8	3	5	3	5	6
PlanetaryRingRings	6	9	1	4	1	5	6
PlanetRings	7	9	2	6	2	5	6
PlasmaFilamentTornado	4	4	7	5	7	5	7
PlasmaFlow	7	2	4	1	6	7	6
PlasmaLightningGlobe	2	2	9	4	7	3	8
PlasmaSheet	6	1	3	2	3	6	5
PlasmaVortexGrid	3	2	7	2	7	3	6
PlasmonicMetamaterialBlackHole	4	4	7	2	8	4	7
PolaritonCondensateVortexLattice	4	3	7	3	7	4	7
PolyDance	3	5	8	5	6	3	7
PortalRush	3	5	9	5	6	3	7
PowersOfTenZoom	6	8	2	4	2	5	5
PrismaticCrystalChamber	4	3	6	3	7	5	6
PrismaticCrystalChamber4D	4	3	6	4	7	4	5
PrismaticKaleidoMandala	4	2	8	1	9	4	7
PrismaticLaserVault	2	2	8	5	6	3	6
PrismaticMirrorHexTunnel	4	4	6	4	7	4	6
PrismaticRainbowCloud	5	3	4	4	6	5	5
PrismaticSuperradiance	3	4	7	6	5	3	6
PrismExplode	3	3	7	4	5	4	6
ProteinFoldingChain	4	2	2	4	2	4	3
ProtoplanetaryDiscRings	7	9	2	6	3	5	6
PsychedelicPills	3	2	8	3	9	4	8
PsychedelicReactionDiffusionWave	5	1	4	3	6	5	5
PsychedelicReactionMelt	4	2	5	4	7	4	5
PuddleNeonReflections	5	1	4	6	3	5	5
PulsarJet	4	7	3	6	1	3	3
PulsarLighthouse	4	7	5	6	2	4	5
PulsarMagnetosphereJets	2	6	9	3	6	2	8
PyroclasticDensityCurrentSurge	3	1	6	3	6	3	5
QuantumChromaField	5	3	5	3	8	5	6
QuantumChromodynamicFluxTube	3	3	6	3	6	3	5
QuantumChromodynamicsGluonPlasma	2	2	8	2	7	3	6
QuantumHallEdgeChiralRibbon	4	3	5	4	4	4	5
QuantumHallEdgeCurrents	5	4	5	5	6	5	6
QuantumHallFractionalAnyonBraiding	4	2	6	2	6	4	5
QuantumHallSkyrmionCrystal	4	1	4	2	6	4	4
QuantumQubitArray	3	2	5	4	3	3	4
QuantumSlipstream	4	7	6	5	6	3	7
QuantumSpinLiquidKagomeSpinonLattice	4	5	4	4	3	3	4
QuantumTachyonWarpTunnel	3	5	8	4	7	3	7
QuantumVortexField	4	4	4	5	3	4	4
QuantumWavepacketCollapse	2	1	5	2	3	2	3
QuantumWavepacketSuperposition	5	2	3	3	5	5	4
QuantumWormholeFlythrough	5	6	5	3	7	5	6
QuasarRelativisticJet	4	6	5	5	4	3	5
QuasicrystalPenroseKaleido	6	3	4	4	7	6	6
QuasicrystalPenroseRhomb3D	4	6	3	5	3	3	3
QuasiPeriodicDanzerTiling	4	2	5	3	5	4	5
QuaternionFractalHopfLoom	4	2	4	2	5	4	4
QuaternionicJulia4DFlight	5	5	4	5	5	5	5
QuiltBlockPatchwork	3	0	1	2	2	4	3
RadiolarianMicrotubuleExoskeleton	6	6	2	6	3	5	6
RadiolarianSilicaLattice	5	5	4	5	4	4	5
RainOnWater	8	2	1	7	1	7	6
RainOnWindowCity	7	1	3	8	2	7	7
RangoliPowderMandala	4	1	2	3	4	5	4
RaymarchTunnel	4	3	6	5	6	4	5
ReactionDiffusion	5	1	6	2	6	6	7
ReactionDiffusionKaleidoscope	5	3	4	5	7	5	5
ReactionDiffusionMandala	4	2	3	4	4	4	3
RecursiveHexagonHoneycombZoom	6	0	1	1	2	7	7
RecursiveTesseractWireframeZoom	3	4	7	4	8	3	7
RecursiveTesseractZoomAbyss	3	3	7	3	8	3	6
RegattaSpinnakers	4	0	2	3	1	4	3
RelativisticAccretionTorusMHD	4	6	4	5	4	4	5
RelativisticKelvinHelmholtzShear	3	1	8	2	8	3	6
RelativisticKerrPlasmaDisk	5	8	5	5	5	5	7
RelativisticPlasmaZpinchInstability	3	2	7	3	6	3	6
RelativisticSynchrotronPulsarWind	5	6	5	4	5	4	6
RhythmLoomWeave	3	0	3	4	2	3	3
RibbonTunnel	3	4	8	4	7	3	7
RibosomeAssemblyLine	3	1	2	4	2	3	3
RiceTerracesDawn	8	1	0	2	2	7	7
RiemannSphereInfinityFlight	4	4	7	3	8	5	7
RingSpokesAndWakes	6	8	2	5	2	5	6
RingStation	6	9	2	5	1	5	7
RingworldHabitat	6	8	1	3	1	5	8
RoguePlanet	5	7	1	6	1	3	3
RogueWanderer	5	7	2	6	2	4	5
RollerCoaster	2	4	9	5	6	2	7
Rorschach	6	1	2	6	4	7	5
RoseOrbit	7	8	3	5	4	6	7
RosslerAttractorHyperRibbon	4	2	5	3	7	5	5
RotoreliefIllusion	4	1	3	4	5	5	4
RustBloomRoughness	4	1	2	5	2	4	3
RydbergAtomQuantumSimulatorArray	5	6	4	5	4	4	5
SacredGeometryFlowerOfLife3D	5	5	4	6	7	5	6
SaffmanTaylorFingers	4	2	2	4	4	4	3
SalarMirrorFlats	6	1	1	4	2	6	4
SalmonRunFalls	4	0	2	3	2	4	3
SandDuneBarchanMigration	6	3	3	5	4	5	5
ScherkMinimalSurfaceTower	5	2	4	3	6	5	5
Schlieren	6	2	3	4	6	6	6
SchwarzschildWormholeTunnel	4	6	6	5	6	4	6
SciFiHUD	2	4	7	6	3	2	5
SectionMemoryHalls	4	1	4	4	4	4	4
SectionStrataCanyon	6	1	0	3	1	6	5
SeifertSurfaceBraidKnot	5	2	4	4	6	7	7
SelfSimilarity	6	7	1	5	2	4	4
SelfSimilarityCorridor	4	3	4	6	4	4	4
SelfSimilarityMandala	5	3	3	4	5	5	4
SelfSimilarityTerrain	6	3	1	6	2	5	6
SensorStation	4	8	2	6	1	4	4
ShadowForest	6	1	2	7	1	6	5
ShadowTheatre	6	2	2	9	1	7	7
ShatterField	3	2	7	5	4	3	5
ShatterSculpture	4	2	4	7	2	6	6
ShepardPitchHelix	5	5	3	5	4	4	5
ShipDocking	5	10	3	5	1	5	8
ShipFlyby	5	10	4	6	1	5	9
ShipShadowPlay	5	3	2	7	2	5	5
SidechainLungBreath	4	1	4	5	3	4	5
SierpinskiOctahedronAbyss	3	3	6	4	6	3	5
SilenceSnowfallHush	7	1	1	5	1	6	5
SilkPhoto	7	1	2	2	2	7	5
SineTunnel	5	3	6	3	7	5	6
SiphonophoreBioluminescentCurtain	5	3	6	2	6	5	6
Skyburst	5	3	5	4	3	5	5
SkyrmionChiralSpinLattice	4	2	6	3	8	5	6
SlotMachineReels	1	0	6	3	3	5	6
SmokeHall	6	1	2	6	1	6	6
SmokeRingChorus	6	3	2	5	3	5	4
SmokeSigils	4	2	3	6	4	5	5
SnowDrift	6	4	2	5	1	4	4
Snowfall	7	2	3	2	2	6	5
SoapFilmMembrane	6	1	3	3	6	6	5
SolarCoronaProminence	3	5	7	1	6	3	6
SolarEclipseTotality	7	9	2	7	2	6	7
SolarFlareCorona	3	5	6	2	6	3	4
SolarFlareSurfing	3	4	6	4	3	3	4
SolarMagnetoPlasmaLoop	4	6	5	3	6	4	6
SolarProminenceHelicalMagneticRope	4	5	6	6	5	4	6
SolarProminenceLoops	5	7	4	6	3	4	5
SolarSailArmada	4	6	6	5	3	4	5
SolarWindMagnetosphere	3	4	8	2	8	4	7
SolidLightCones	7	5	4	8	4	8	8
SolitonInternalWaveAndamanSea	7	3	0	2	1	7	7
SonarPingReveal	5	3	3	5	4	4	4
SonoluminescenceBubble	4	3	7	3	7	4	6
SpaceElevator	3	5	6	4	4	3	5
SpaceElevatorTransit	5	8	2	6	1	4	4
Spaceship	5	9	3	6	1	5	6
SpaceStationPromenade	4	6	5	3	4	4	5
SpectralOrb	5	3	5	3	5	5	6
SpectralTorus	6	4	4	4	5	6	6
SpectroCanyon	4	4	3	6	2	4	4
SpectroDevice	3	1	7	4	3	4	6
SpectrogramKaleidoscope	3	2	8	4	7	3	6
SpectrogramTunnel	2	4	8	5	7	2	6
SpectroWeave	5	5	5	5	5	5	6
SpectrumArena	2	2	7	4	4	2	5
SpectrumCity	5	2	4	7	2	4	5
SpectrumFilter	6	2	4	1	4	6	5
SpectrumRadial	2	1	9	3	6	2	7
SpectrumStalactiteCave	5	3	4	6	3	4	5
SphereGrid	5	3	5	3	7	5	6
SPHFluidSplash	5	3	3	5	2	4	4
SpiderOrbWebDew	4	1	1	3	2	4	3
SpillwayGateRelease	5	0	1	4	1	4	3
SpinGlassFrustrationLattice	5	5	3	5	3	3	3
SpintronicDomainWallRacetrack	2	1	6	1	5	3	4
SpiralArray	5	4	4	5	3	4	4
SpiralStairwellDescent	5	3	5	6	5	5	6
SpirographGearDraw	5	1	3	3	5	6	6
SplitFlapDepartureBoard	3	1	3	5	1	3	3
SporeReleaseGills	5	1	2	4	3	5	4
SpriteElvesUpperLightning	5	6	3	6	2	4	5
StageRigMovingHeads	2	1	8	6	3	2	6
StainedGlassCathedralCaustics	5	2	6	3	7	6	6
StainedGlassRosette	5	1	5	1	8	8	8
Starfield	6	7	5	3	4	5	6
StargateWormhole	3	6	9	4	7	3	8
StarlingMurmuration	7	1	2	4	2	7	6
StarryNightFlow	5	3	5	3	8	8	7
StarShattering	3	6	4	5	2	3	4
StarshipPlanetaryOrbit	6	10	2	4	1	6	8
StellarEngine	4	7	5	4	3	3	5
StellarNursery	7	9	1	4	3	7	7
StellarNurseryCollapse	7	9	2	6	3	5	7
StepSequencerGrid	2	1	5	4	2	3	4
StereoKaleidoscope	4	2	6	4	8	5	6
StereoSearchlights	4	3	5	7	2	3	4
StereoSpectrum	2	1	9	4	5	2	7
StereoWidthCanyon	5	1	2	5	2	5	4
StippleVoronoiRelax	5	1	1	3	2	6	3
StormLighthouse	6	2	2	8	1	6	7
StrangeAttractor	6	6	4	6	5	5	6
StringArtChords	5	3	3	5	4	4	4
SubglacialVolcanicPillowLava	5	4	4	5	5	4	5
SubwayMapPulse	3	0	3	3	2	3	3
SundialShadowSweep	3	0	1	3	1	4	3
SundogHaloSky	5	2	1	4	2	5	4
SuperbloomOpening	4	1	2	4	3	4	3
SupercellMesocyclone	5	1	1	6	1	5	6
SuperconductingFluxoniumQubitCircuit	3	3	5	5	4	3	4
SuperconductingFluxVortex	5	5	6	5	6	5	7
SuperconductingLevitationMeissnerPinch	4	3	3	4	4	4	5
SuperconductingQubitResonator	4	4	4	5	3	4	4
SuperconductingVortexLatticeMelting	5	5	3	5	3	3	4
SuperconductorLevitation	3	2	8	3	6	3	7
SupercriticalFluidOpalescence	5	2	2	3	3	5	4
SuperfluidHeliumVortexReconnection	6	6	3	5	4	5	5
SuperfluidHeliumVortexTurbulence	3	2	7	4	5	3	6
SuperfluidQuantumTurbulence	5	3	4	4	5	5	5
SuperfluidVortexRingPinchOff	5	5	3	5	4	3	4
SuperfluidVortexTangle	4	3	7	3	7	3	7
SuperheatedCoronalLoop	3	5	8	1	7	3	7
SupermassiveAccretionDisk	4	8	6	4	5	4	7
SupermassiveBlackHoleOrbit	5	9	4	6	4	5	7
SupernovaRemnant	5	7	1	4	2	3	4
SupernovaRemnantNebula	4	7	6	5	4	3	5
SuperradiantBlackHoleBomb	2	3	8	2	7	3	6
SuperradiantTokamakIgnition	3	3	7	3	8	4	6
SuspensionBridgeCables	6	2	3	6	2	6	5
Swarm	5	5	5	5	4	4	6
SynchrotronRadiationRing	3	4	5	6	3	3	4
SynthTerrain	3	3	8	5	4	2	6
TachyonCommRelay	4	6	5	6	5	3	4
TangramShuffle	3	0	1	2	2	4	3
TapeReelEcho	4	1	3	4	2	4	3
Teleidoscope	5	2	3	3	7	6	5
TempleLanternHall	8	3	4	5	4	9	9
TemporalZoomSSM	2	1	4	4	5	4	4
TensegrityFloat	4	1	2	4	2	4	4
TerraformingColony	3	5	1	4	0	2	4
TeslaLightningTree	2	2	7	5	5	2	6
TessellatedLavaLake	4	3	5	5	3	4	5
TessellatedOcean	6	4	1	7	1	4	3
TextureEffectParallaxKaleidoscope	5	2	5	3	7	5	5
TextureEffectParallaxKaleidoscopeTunnel	4	2	5	3	7	4	5
TheBigBounce	3	5	6	4	4	3	4
TheCore	3	4	9	3	9	3	9
ThermalIronbowStreet	3	1	4	5	6	4	4
ThomasAttractorCosmicLabyrinth	5	5	4	3	6	5	5
ThreeBodyFigureEight	7	8	3	5	4	6	7
ThunderCloud	4	3	3	6	2	3	3
ThunderstormFromOrbit	6	8	3	6	2	5	6
TidalDisruptionEvent	5	8	2	7	2	3	4
TidalLockTerminator	7	9	2	5	1	6	7
TidePoolRefraction	5	1	2	4	3	5	4
TieDyeFold	4	1	5	3	8	5	6
TimeCrystalLattice	3	3	4	5	3	3	3
TimeDilation	4	8	5	6	3	4	6
TimeReflectionPond	5	1	2	3	3	5	4
TitanMethaneRain	6	8	2	5	2	5	6
TokamakFusionCore	3	3	7	4	5	3	6
Tonnetz	4	3	3	5	3	4	3
TopologicalDiracSemimetalFermiArcs	5	4	5	4	5	5	5
TopologicalInsulatorDiracSurface	3	1	8	1	9	3	7
Tornado	3	2	6	6	2	3	5
TorusKnot	6	6	4	5	4	5	6
TransitLightCurveStars	6	7	2	5	2	5	5
TravertineTerracePools	5	1	1	3	1	5	3
TricornFractalAntimatterSea	4	2	2	2	5	4	6
TronCycles	2	2	8	5	4	2	6
Tunnel	5	3	5	4	8	5	9
TunnelAcceleration	4	2	6	2	8	4	6
TunnelPlain	5	3	6	3	8	5	9
TunnelReverse	5	3	5	4	8	5	9
TurtleHatchlingsMoon	5	2	1	5	1	5	4
UkiyoeWaveWoodblock	4	0	1	4	1	5	4
UlamPrimeSpiral	4	3	3	5	4	3	3
VacuumDecayBubble	5	7	2	5	4	4	4
VideoRelief	7	2	3	2	3	8	7
VillarceauCirclesHyperFlow	5	3	6	4	7	5	6
VinylGrooveMicroscope	5	2	2	6	2	4	4
VoidLeviathan	5	7	3	6	3	4	5
VolcanicBasaltColumnarJointingHexagon	4	3	6	5	5	4	5
VolcanicLightningAshColumn	2	2	8	4	6	3	6
VolcanicLightningPlume	4	4	4	6	3	3	4
VolcanoIsland	5	3	4	6	2	5	5
VolumetricFire	4	2	6	5	3	4	5
VolumetricSupernova	4	6	5	4	4	3	4
VoronoiMirrorShatter	4	2	6	5	7	5	6
VoronoiPrismShatterKaleido	4	1	6	2	7	5	6
VoronoiPulse	5	2	5	3	7	6	6
VoronoiShatter	5	1	6	3	6	6	6
Vortex	2	3	9	3	9	3	9
VoxelizedModel	4	1	4	4	4	5	5
Voyager	4	6	9	2	9	4	9
WarpStars	4	8	6	5	3	3	6
WaterfallCurtainRainbow	8	1	2	2	3	8	7
WaterStriderDimples	6	2	1	6	1	5	4
WaveformRiver	7	3	2	6	2	5	5
WaveRibbon	7	5	5	5	5	6	6
WeldingArcSeam	3	0	3	5	1	3	3
WhirlingDervishes	7	1	2	4	4	7	6
WhisperingGalleryMicrocavity	3	3	8	3	8	4	7
WhiteDwarfAccretion	4	7	2	5	2	3	3
WhiteHoleFountain	4	5	5	4	5	3	5
WignerCrystalElectronLattice	5	5	3	5	3	4	5
WindTurbineFieldDusk	6	0	2	5	1	6	5
Wormhole	4	5	6	4	7	4	6
WormholeMirrorWeave	3	6	7	5	6	3	6
WormholeTransit	4	6	7	5	6	3	6
XenobiologicalBioship	3	5	3	6	4	2	3
XenophyophoreGiantProtistSarcodina	6	5	4	5	6	5	6
XrayLuggageBelt	2	0	3	2	3	3	3
ZCRNoiseStorm	4	4	5	4	5	3	4
ZellijTilework	4	1	3	3	4	5	4
KarstPeaksMist	8	1	0	3	1	8	8
SeaStacksFlight	7	1	1	4	1	7	8
IceCaveBlueArch	7	2	2	3	3	7	8
DesertMilkyWayArch	7	7	1	5	2	7	8
LightPillarsCity	7	3	3	6	4	6	8
BlueHourSkylineMirror	7	1	3	7	2	7	8
PaintPourCells	5	0	5	2	8	7	7
MonetLilyPond	8	0	0	1	3	9	7
NeonPoolNight	5	0	6	6	5	5	7
CometOverLake	8	7	0	5	1	7	8
NighthawksDiner	5	0	1	7	1	7	6
FrostFernsSunrise	8	0	0	2	2	8	7
EarthriseLunar	7	9	0	5	1	6	8
TaikoSilhouettes	2	0	8	5	3	5	6
RapeseedStormLight	6	0	1	5	1	7	6
WeatherProjectSun	8	2	2	5	2	8	8
KineticBallCeiling	6	1	4	5	2	7	7
LEDRainCurtain	4	2	8	4	6	5	7
ProjectionMappedFacade	3	0	6	4	4	7	7
HologramGauze	5	1	4	6	3	6	7
FiberOpticChandelier	5	4	6	4	7	5	7
ChandBaoriStepwell	6	0	1	3	3	8	7
SagradaForestNave	7	1	2	5	4	9	8
PantheonOculusShaft	8	1	1	5	1	9	8
CalatravaRibsHall	6	3	4	2	3	8	7
MonsterBuildingCourtyard	3	1	6	7	4	7	8
LibraryOfBabel	7	1	1	7	2	8	8
FanVaultFlight	7	2	2	6	3	8	8
ParametricPavilion	6	3	4	1	3	8	7
BrutalistAtriumWaterfall	8	0	1	4	1	7	7
GrandPrismaticAerial	6	2	3	1	7	8	8
LavenderRowsSunset	8	0	1	3	3	8	7
CanyonRiverGoldenHour	7	1	2	3	2	8	7
TulipFieldsAerial	5	0	3	1	5	7	6
DolomitesAlpenglow	9	1	0	5	1	8	7
BlackSandBeachWaves	8	0	1	6	1	7	7
MammatusSunset	5	1	2	6	3	8	8
FogbowMoor	9	0	0	3	1	7	7
LenticularCloudStack	8	2	1	3	2	8	8
VirgaCurtains	8	1	1	5	1	8	7
StarTrailsPolaris	8	8	1	5	3	7	8
MoonriseSkyline	6	4	3	8	1	7	7
AnticrepuscularRays	9	1	0	2	2	7	7
ShelfCloudPrairie	4	0	3	6	1	7	8
UnderIceLookingUp	8	2	1	4	3	7	7
CaveDiversTorches	6	2	2	8	1	6	7
SurfBarrelInside	6	1	4	1	5	6	7
SeaFoamLaceAerial	8	0	1	1	3	8	7
FlamingoLakeAerial	5	0	2	1	4	8	8
BatExodusSunset	6	1	2	7	2	7	8
MayflyStreetLamps	7	1	2	7	3	6	7
WildebeestDust	6	0	2	3	1	7	8
FireflyForestSync	6	1	5	5	5	6	8
ButterflyWingScales	4	1	4	1	7	7	7
RunwayApproachLights	5	2	5	6	2	5	7
InterchangeLightTrails	3	1	8	6	5	6	7
FogBridgeTowers	8	1	1	3	1	8	8
RooftopRainTokyo	5	1	6	9	4	6	8
StadiumFloodlights	3	1	7	5	2	5	7
UVMineralsGlow	4	2	5	3	7	7	7
GemInclusionFlight	7	2	2	3	5	7	7
MarbleVeinsFlight	7	1	2	6	2	8	6
SmokeColourCollide	5	2	4	4	8	7	7
TextureBoreTunnel	5	3	6	5	8	5	8
TextureNeonTrace	3	2	8	6	8	5	8
TextureLavaCracks	4	3	6	5	7	6	8
TextureMaelstrom	6	3	5	5	7	6	8
WallpaperGroupCycle	5	1	5	3	9	7	8
